Email,First Name,Last Name,Status
john@example.com,John,Doe,
jane@example.com,Jane,Smith,pending
robert.williams@example.com,Robert,Williams,
emily.davis@example.com,Emily,Davis,pending
michael.brown@example.com,Michael,Brown,
sarah.miller@example.com,Sarah,Miller,
david.wilson@example.com,David,Wilson,pending
jessica.moore@example.com,Jessica,Moore,
thomas.taylor@example.com,Thomas,Taylor,
ashley.anderson@example.com,Ashley,Anderson,pending
william.thomas@example.com,William,Thomas,
amanda.jackson@example.com,Amanda,Jackson,
richard.white@example.com,Richard,White,
stephanie.harris@example.com,Stephanie,Harris,pending
charles.martin@example.com,Charles,Martin,
melissa.thompson@example.com,Melissa,Thompson,
christopher.garcia@example.com,Christopher,Garcia,pending
nicole.martinez@example.com,Nicole,Martinez,
daniel.robinson@example.com,Daniel,Robinson,
heather.clark@example.com,Heather,Clark,pending
matthew.rodriguez@example.com,Matthew,Rodriguez,
amy.lewis@example.com,Amy,Lewis,
anthony.lee@example.com,Anthony,Lee,
michelle.walker@example.com,Michelle,Walker,pending
mark.hall@example.com,Mark,Hall,
kimberly.allen@example.com,Kimberly,Allen,
paul.young@example.com,Paul,Young,pending
angela.hernandez@example.com,Angela,Hernandez,
steven.king@example.com,Steven,King,
shirley.wright@example.com,Shirley,Wright,pending
andrew.lopez@example.com,Andrew,Lopez,
cynthia.hill@example.com,Cynthia,Hill,
kenneth.scott@example.com,Kenneth,Scott,
kathleen.green@example.com,Kathleen,Green,pending
george.adams@example.com,George,Adams,
shannon.baker@example.com,Shannon,Baker,
joshua.gonzalez@example.com,Joshua,Gonzalez,pending
diane.nelson@example.com,Diane,Nelson,
kevin.carter@example.com,Kevin,Carter,
rebecca.mitchell@example.com,Rebecca,Mitchell,pending
brian.perez@example.com,Brian,Perez,
laura.roberts@example.com,Laura,Roberts,
edward.turner@example.com,Edward,Turner,
victoria.phillips@example.com,Victoria,Phillips,pending
ronald.campbell@example.com,Ronald,Campbell,
julie.parker@example.com,Julie,Parker,
timothy.evans@example.com,Timothy,Evans,pending
karen.edwards@example.com,Karen,Edwards,
jason.collins@example.com,Jason,Collins,
lisa.stewart@example.com,Lisa,Stewart,pending
